Tenor,CDS_Spread,Hazard_rate
1,0.01,0.01666666
3,0.0125,0.02315
5,0.015,0.03257
7,0.0175,0.04316
10,0.02,0.04871
