t,zero,df,fwd
0,0,1,0.01
1,0.01,0.990049834,0.03
2,0.02,0.960789439,0.05
3,0.03,0.913931185,0.07
4,0.04,0.852143789,0.09
5,0.05,0.778800783,0.11
6,0.06,0.697676326,0.13
7,0.07,0.612626394,0.15
8,0.08,0.527292424,0.17
9,0.09,0.444858066,0.19
10,0.1,0.367879441,0.23
